{
  "ten_sach": {
    "precision": 0.9882352941176471,
    "recall": 0.8076923076923077,
    "f1-score": 0.888888888888889,
    "support": 104
  },
  "ma_sach": {
    "precision": 0.0,
    "recall": 0.0,
    "f1-score": 0.0,
    "support": 99
  },
  "type_account": {
    "precision": 1.0,
    "recall": 1.0,
    "f1-score": 1.0,
    "support": 8
  },
  "sach": {
    "precision": 1.0,
    "recall": 0.9210526315789473,
    "f1-score": 0.958904109589041,
    "support": 38
  },
  "subject": {
    "precision": 1.0,
    "recall": 0.7222222222222222,
    "f1-score": 0.8387096774193548,
    "support": 18
  },
  "tinh_nang": {
    "precision": 0.8831168831168831,
    "recall": 0.7906976744186046,
    "f1-score": 0.8343558282208589,
    "support": 86
  },
  "error": {
    "precision": 1.0,
    "recall": 0.9285714285714286,
    "f1-score": 0.962962962962963,
    "support": 14
  },
  "email": {
    "precision": 1.0,
    "recall": 1.0,
    "f1-score": 1.0,
    "support": 34
  },
  "thoi_han": {
    "precision": 1.0,
    "recall": 0.875,
    "f1-score": 0.9333333333333333,
    "support": 24
  },
  "xem_dap_an": {
    "precision": 0.875,
    "recall": 0.9130434782608695,
    "f1-score": 0.8936170212765957,
    "support": 23
  },
  "ma_gia": {
    "precision": 0.9230769230769231,
    "recall": 0.8571428571428571,
    "f1-score": 0.888888888888889,
    "support": 28
  },
  "micro avg": {
    "precision": 0.9553571428571429,
    "recall": 0.6743697478991597,
    "f1-score": 0.7906403940886699,
    "support": 476
  },
  "macro avg": {
    "precision": 0.8790390091192232,
    "recall": 0.8014020545352033,
    "f1-score": 0.8363327918709023,
    "support": 476
  },
  "weighted avg": {
    "precision": 0.7577640260135319,
    "recall": 0.6743697478991597,
    "f1-score": 0.7123061720359293,
    "support": 476
  }
}